Date and Time,Unix Timestamp,Temp ÂºC,Humidity %
26/08/2019 11:00:01,1566831601.8655348,25.2,80.8
26/08/2019 11:30:02,1566833402.1126695,24.8,78.9
26/08/2019 12:00:02,1566835202.3251228,25.3,74.5
26/08/2019 12:30:02,1566837002.573903,25.4,72.7
26/08/2019 13:00:02,1566838802.6067235,25.7,68.0
26/08/2019 13:30:01,1566840601.8838017,25.5,60.6
26/08/2019 14:00:01,1566842401.9246073,25.8,56.7
26/08/2019 14:30:02,1566844202.199055,26.3,56.8
26/08/2019 15:00:02,1566846002.7538073,26.3,56.7
26/08/2019 15:30:02,1566847802.548268,26.3,57.2
26/08/2019 16:00:02,1566849602.5893748,26.9,66.5
27/08/2019 10:06:27,1566914787.8177943,25.7,86.0
27/08/2019 10:10:21,1566915021.4097173,25.6,86.1
27/08/2019 13:16:40,1566926200.068958,25.7,90.3
27/08/2019 13:20:02,1566926402.6006887,25.9,90.2
27/08/2019 13:25:03,1566926703.5016077,25.8,90.0
27/08/2019 13:30:03,1566927003.430926,25.8,90.8
27/08/2019 13:35:04,1566927304.4137096,25.9,90.1
27/08/2019 13:40:02,1566927602.6219444,25.9,90.7
27/08/2019 13:45:03,1566927903.5905387,25.9,90.4
27/08/2019 13:50:02,1566928202.6541345,25.9,90.7
27/08/2019 13:55:02,1566928502.6554415,26.0,90.8
27/08/2019 14:00:02,1566928802.7281227,26.0,90.7
27/08/2019 14:05:02,1566929102.6190426,26.0,91.0
27/08/2019 14:10:03,1566929403.4465406,26.0,91.1
27/08/2019 14:15:03,1566929703.348405,26.1,91.4
27/08/2019 14:20:02,1566930002.545293,26.1,91.5
27/08/2019 14:25:04,1566930304.354365,26.2,91.6
27/08/2019 14:30:03,1566930603.5271964,26.2,92.0
27/08/2019 14:35:03,1566930903.3327336,26.3,91.4
27/08/2019 14:40:03,1566931203.2069886,26.3,91.7
27/08/2019 14:45:02,1566931502.8573728,26.3,92.2
27/08/2019 14:50:02,1566931802.9002593,26.2,92.1
27/08/2019 14:55:02,1566932102.847818,26.3,91.9
27/08/2019 15:00:03,1566932403.7570064,26.3,92.1
27/08/2019 15:05:02,1566932702.8346567,26.3,91.8
27/08/2019 15:10:02,1566933002.7046967,26.2,92.0
27/08/2019 15:15:02,1566933302.7146397,26.2,92.6
27/08/2019 15:20:02,1566933602.8734446,26.0,92.4
27/08/2019 15:25:02,1566933902.7088265,26.0,92.7
27/08/2019 15:30:02,1566934202.0195093,25.9,92.8
27/08/2019 15:35:02,1566934502.8231697,25.9,93.0
27/08/2019 15:40:02,1566934802.037865,25.8,92.9
27/08/2019 15:45:02,1566935102.2557676,25.8,93.3
27/08/2019 15:50:02,1566935402.004011,25.8,93.7
27/08/2019 15:55:02,1566935702.2089257,25.8,93.9
27/08/2019 16:00:02,1566936002.4630392,25.8,95.5
27/08/2019 16:05:02,1566936302.5611417,26.0,95.0
27/08/2019 16:10:02,1566936602.665077,26.1,94.5
27/08/2019 16:15:02,1566936902.7489119,26.1,94.5
27/08/2019 16:20:02,1566937202.2059147,26.3,94.3
27/08/2019 16:25:02,1566937502.328229,26.3,94.1
27/08/2019 16:30:02,1566937802.4813566,26.4,94.2
27/08/2019 16:35:02,1566938102.133389,26.3,94.0
27/08/2019 16:40:02,1566938402.233766,26.4,93.7
27/08/2019 16:45:02,1566938702.3989775,26.3,94.0
27/08/2019 16:50:02,1566939002.488989,26.3,93.6
27/08/2019 16:55:02,1566939302.5843172,26.3,93.7
27/08/2019 17:00:02,1566939602.217512,26.4,93.4
27/08/2019 17:05:02,1566939902.2999482,26.3,93.5
27/08/2019 17:10:02,1566940202.3931074,26.4,93.5
27/08/2019 17:15:02,1566940502.5632663,26.4,93.4
27/08/2019 17:20:02,1566940802.4450274,26.4,93.5
27/08/2019 17:25:02,1566941102.0507758,26.5,93.2
27/08/2019 17:30:02,1566941402.1503716,26.5,93.5
27/08/2019 17:35:02,1566941702.2356896,26.5,93.2
27/08/2019 17:40:02,1566942002.3819861,26.6,93.0
27/08/2019 17:45:02,1566942302.4826586,26.8,92.9
27/08/2019 17:50:02,1566942602.1721601,26.8,92.8
27/08/2019 17:55:02,1566942902.2682369,26.7,92.7
27/08/2019 18:00:02,1566943202.358677,26.7,92.6
27/08/2019 18:05:02,1566943502.4620836,26.8,92.5
27/08/2019 18:10:02,1566943802.5800931,26.8,92.5
27/08/2019 18:15:02,1566944102.2160366,26.7,92.8
27/08/2019 18:20:02,1566944402.0826328,26.7,92.8
27/08/2019 18:25:02,1566944702.176893,26.6,92.9
27/08/2019 18:30:02,1566945002.294151,26.5,93.0
27/08/2019 18:35:02,1566945302.397459,26.4,93.1
27/08/2019 18:40:02,1566945602.5081048,26.4,93.2
27/08/2019 18:45:02,1566945902.6044416,26.3,93.2
27/08/2019 18:50:02,1566946202.6976202,26.3,93.1
27/08/2019 18:55:02,1566946502.7717805,26.3,93.0
27/08/2019 19:00:01,1566946801.8665638,26.3,93.2
27/08/2019 19:05:01,1566947101.9666572,26.2,93.2
27/08/2019 19:10:02,1566947402.0548444,26.2,93.3
27/08/2019 19:15:02,1566947702.1379664,26.2,93.3
27/08/2019 19:20:02,1566948002.481973,26.1,93.3
27/08/2019 19:25:02,1566948302.5916317,26.1,93.4
27/08/2019 19:30:02,1566948602.7057288,26.1,93.5
27/08/2019 19:35:02,1566948902.8007097,26.0,93.4
27/08/2019 19:40:01,1566949201.910291,26.0,93.6
27/08/2019 19:45:02,1566949502.013251,26.0,93.7
27/08/2019 19:50:02,1566949802.1118865,26.0,93.6
27/08/2019 19:55:02,1566950102.2179632,26.0,93.8
27/08/2019 20:00:02,1566950402.3064935,25.9,93.7
27/08/2019 20:05:02,1566950702.394788,25.9,93.6
27/08/2019 20:10:02,1566951002.4956958,25.9,93.7
27/08/2019 20:15:02,1566951302.5836194,25.9,93.7
27/08/2019 20:20:02,1566951602.4687486,25.9,93.8
27/08/2019 20:25:02,1566951902.555056,25.9,93.8
27/08/2019 20:30:02,1566952202.6672752,25.9,93.7
27/08/2019 20:35:02,1566952502.7348192,25.9,93.7
27/08/2019 20:40:02,1566952802.8282738,25.9,93.7
27/08/2019 20:45:01,1566953101.9312074,25.9,93.8
27/08/2019 20:50:02,1566953402.0375292,25.8,94.3
27/08/2019 20:55:02,1566953702.1370382,26.0,94.1
27/08/2019 21:00:02,1566954002.2359989,26.2,94.1
27/08/2019 21:05:02,1566954302.4520931,26.3,93.9
27/08/2019 21:10:02,1566954602.5314648,26.4,93.6
27/08/2019 21:15:02,1566954902.834253,26.4,93.7
27/08/2019 21:20:02,1566955202.1769168,26.2,93.6
27/08/2019 21:25:02,1566955502.2893903,26.2,93.7
27/08/2019 21:30:02,1566955802.3828313,26.1,93.8
27/08/2019 21:35:02,1566956102.4881566,26.0,93.9
27/08/2019 21:40:02,1566956402.5965042,26.0,94.0
27/08/2019 21:45:02,1566956702.6825585,26.0,94.0
27/08/2019 21:50:02,1566957002.7760832,25.9,93.9
27/08/2019 21:55:01,1566957301.8769739,25.9,94.0
27/08/2019 22:00:01,1566957601.9704676,25.9,94.2
27/08/2019 22:05:02,1566957902.048465,25.8,94.3
27/08/2019 22:10:02,1566958202.1429584,25.8,94.3
27/08/2019 22:15:02,1566958502.243846,25.8,94.3
27/08/2019 22:20:02,1566958802.5940428,25.8,94.2
27/08/2019 22:25:02,1566959102.2238953,25.8,94.3
27/08/2019 22:30:02,1566959402.3450558,25.8,94.3
27/08/2019 22:35:01,1566959701.9661198,25.7,94.3
27/08/2019 22:40:02,1566960002.0519578,25.7,94.2
27/08/2019 22:45:02,1566960302.131897,25.7,94.2
27/08/2019 22:50:02,1566960602.8116112,25.7,94.3
27/08/2019 22:55:01,1566960901.917394,25.7,94.1
27/08/2019 23:00:01,1566961201.9956775,25.7,94.3
27/08/2019 23:05:02,1566961502.0743892,25.7,94.3
27/08/2019 23:10:02,1566961802.1710243,25.6,94.3
27/08/2019 23:15:02,1566962102.2647984,25.6,94.2
27/08/2019 23:20:02,1566962402.1412725,25.6,94.3
27/08/2019 23:25:02,1566962702.2293873,25.6,94.4
27/08/2019 23:30:02,1566963002.324157,25.6,94.4
27/08/2019 23:35:02,1566963302.4089234,25.6,94.4
27/08/2019 23:40:02,1566963602.5033064,25.6,94.2
27/08/2019 23:45:02,1566963902.5903587,25.6,94.3
27/08/2019 23:50:02,1566964202.6733341,25.6,94.5
27/08/2019 23:55:02,1566964502.7583044,25.6,94.4
28/08/2019 00:00:02,1566964802.8654292,25.6,94.5
28/08/2019 00:05:01,1566965101.9738917,25.5,94.4
28/08/2019 00:10:02,1566965402.0930998,25.6,94.4
28/08/2019 00:15:02,1566965702.1999557,25.5,94.3
28/08/2019 00:20:02,1566966002.554973,25.5,94.4
28/08/2019 00:25:02,1566966302.6515412,25.5,94.2
28/08/2019 00:30:02,1566966602.76486,25.5,94.2
28/08/2019 00:35:01,1566966901.895479,25.5,94.3
28/08/2019 00:40:02,1566967202.0102878,25.5,94.3
28/08/2019 00:45:02,1566967502.1152477,25.5,94.3
28/08/2019 00:50:02,1566967802.2315962,25.5,94.3
28/08/2019 00:55:02,1566968102.3360507,25.5,94.3
28/08/2019 01:00:02,1566968402.4319193,25.5,93.3
28/08/2019 01:05:02,1566968702.0636861,25.4,92.7
28/08/2019 01:10:02,1566969002.1730986,25.4,92.3
28/08/2019 01:15:02,1566969302.8423977,25.3,91.9
28/08/2019 01:20:02,1566969602.716068,25.3,91.7
28/08/2019 01:25:02,1566969902.8184497,25.2,91.8
28/08/2019 01:30:01,1566970201.9233441,25.2,91.5
28/08/2019 01:35:02,1566970502.028512,25.2,91.6
28/08/2019 01:40:02,1566970802.6655595,25.2,91.4
28/08/2019 01:45:02,1566971102.7727485,25.1,91.4
28/08/2019 01:50:01,1566971401.8841188,25.1,91.4
28/08/2019 01:55:01,1566971701.9838257,25.1,91.3
28/08/2019 02:00:02,1566972002.0860121,25.0,91.3
28/08/2019 02:05:02,1566972302.1812625,25.1,91.4
28/08/2019 02:10:02,1566972602.2785096,25.1,91.3
28/08/2019 02:15:02,1566972902.3659456,25.0,91.1
28/08/2019 02:20:02,1566973202.6842747,25.0,91.2
28/08/2019 02:25:01,1566973501.9357817,25.0,91.2
28/08/2019 02:30:02,1566973802.03312,25.0,91.2
28/08/2019 02:35:02,1566974102.1135774,25.0,91.0
28/08/2019 02:40:02,1566974402.1949596,25.0,91.0
28/08/2019 02:45:02,1566974702.289113,25.0,91.1
28/08/2019 02:50:02,1566975002.415947,24.9,91.1
28/08/2019 02:55:02,1566975302.5421355,24.9,91.2
28/08/2019 03:00:02,1566975602.6541252,24.9,91.1
28/08/2019 03:05:02,1566975902.3065562,24.9,91.1
28/08/2019 03:10:02,1566976202.4178967,24.9,91.0
28/08/2019 03:15:02,1566976502.5182433,24.9,91.1
28/08/2019 03:20:01,1566976801.8727586,24.9,91.1
28/08/2019 03:25:01,1566977101.9669518,24.9,91.1
28/08/2019 03:30:02,1566977402.057446,24.9,91.1
28/08/2019 03:35:02,1566977702.1398318,24.9,91.1
28/08/2019 03:40:02,1566978002.2241685,24.8,91.0
28/08/2019 03:45:02,1566978302.3263733,24.8,90.9
28/08/2019 03:50:02,1566978602.4095135,24.8,91.0
28/08/2019 03:55:02,1566978902.4991612,24.8,91.0
28/08/2019 04:00:02,1566979202.1191127,24.8,91.0
28/08/2019 04:05:02,1566979502.2300646,24.8,91.1
28/08/2019 04:10:02,1566979802.3295624,24.7,91.1
28/08/2019 04:15:02,1566980102.4312744,24.7,91.0
28/08/2019 04:20:02,1566980402.7833018,24.7,90.9
28/08/2019 04:25:01,1566980701.903136,24.7,90.9
28/08/2019 04:30:02,1566981002.0065563,24.7,91.0
28/08/2019 04:35:02,1566981302.1369383,24.7,91.0
28/08/2019 04:40:02,1566981602.2476468,24.7,91.0
28/08/2019 04:45:02,1566981902.3409677,24.7,91.0
28/08/2019 04:50:02,1566982202.4321842,24.7,91.0
28/08/2019 04:55:02,1566982502.5369368,24.6,91.0
28/08/2019 05:00:02,1566982802.6207793,24.6,91.0
28/08/2019 05:05:02,1566983102.7101855,24.6,90.9
28/08/2019 05:10:02,1566983402.7964876,24.6,90.9
28/08/2019 05:15:01,1566983701.9066534,24.6,90.8
28/08/2019 05:20:02,1566984002.2676675,24.6,90.9
28/08/2019 05:25:02,1566984302.3797321,24.6,90.9
28/08/2019 05:30:02,1566984602.4910533,24.6,90.9
28/08/2019 05:35:02,1566984902.133891,24.6,90.9
28/08/2019 05:40:02,1566985202.243172,24.6,91.0
28/08/2019 05:45:02,1566985502.3536644,24.6,91.1
28/08/2019 05:50:02,1566985802.4647727,24.5,91.2
28/08/2019 05:55:02,1566986102.593067,24.6,91.2
28/08/2019 06:00:02,1566986402.7241235,24.6,91.3
28/08/2019 06:05:02,1566986702.370866,24.6,91.3
28/08/2019 06:10:02,1566987002.4930367,24.6,91.3
28/08/2019 06:15:02,1566987302.140741,24.6,91.3
28/08/2019 06:20:02,1566987602.5010557,24.6,91.3
28/08/2019 06:25:03,1566987903.4420989,24.5,91.4
28/08/2019 06:30:02,1566988202.5339236,24.6,91.5
28/08/2019 06:35:02,1566988502.650387,24.6,91.5
28/08/2019 06:40:02,1566988802.7391138,24.5,91.6
28/08/2019 06:45:02,1566989102.8270006,24.6,91.8
28/08/2019 06:50:01,1566989401.9239128,24.6,91.7
28/08/2019 06:55:02,1566989702.0493631,24.5,91.8
28/08/2019 07:00:02,1566990002.1607862,24.5,91.7
28/08/2019 07:05:02,1566990302.3379729,24.5,91.5
28/08/2019 07:10:02,1566990602.425502,24.5,91.5
28/08/2019 07:15:02,1566990902.5430295,24.5,91.7
28/08/2019 07:20:01,1566991201.902308,24.4,91.7
28/08/2019 07:25:02,1566991502.025185,24.4,91.8
28/08/2019 07:30:02,1566991802.1379435,24.4,91.9
28/08/2019 07:35:02,1566992102.2434013,24.5,91.8
28/08/2019 07:40:02,1566992402.3537555,24.7,91.8
28/08/2019 07:45:02,1566992702.541447,24.9,91.6
28/08/2019 07:50:02,1566993002.6569788,25.0,91.3
28/08/2019 07:55:02,1566993302.7644565,25.1,91.2
28/08/2019 08:00:01,1566993601.8688185,25.2,91.2
28/08/2019 08:05:01,1566993901.978489,25.3,91.0
28/08/2019 08:10:02,1566994202.1151562,25.4,91.1
28/08/2019 08:15:02,1566994502.4040897,25.5,90.9
28/08/2019 08:20:02,1566994802.73854,25.5,90.8
28/08/2019 08:25:02,1566995102.0197735,25.6,90.7
28/08/2019 08:30:02,1566995402.1451833,25.6,90.6
28/08/2019 08:35:02,1566995702.2781632,25.6,90.4
28/08/2019 08:40:02,1566996002.37814,25.6,90.1
28/08/2019 08:45:02,1566996302.5407028,25.6,90.0
28/08/2019 08:50:02,1566996602.6446154,25.7,89.4
28/08/2019 08:55:03,1566996903.6181777,25.7,89.3
28/08/2019 09:00:02,1566997202.1219378,25.6,88.2
28/08/2019 09:05:02,1566997502.3623827,25.5,88.6
28/08/2019 09:10:02,1566997802.5063179,25.5,88.2
28/08/2019 09:15:02,1566998102.6220193,25.6,87.4
28/08/2019 09:20:01,1566998401.9776876,25.6,86.8
28/08/2019 09:25:02,1566998702.2301047,25.5,86.4
28/08/2019 09:30:01,1566999001.9024224,25.5,86.8
28/08/2019 09:35:02,1566999302.0227687,25.5,86.9
28/08/2019 09:40:02,1566999602.1698737,25.6,85.6
28/08/2019 09:45:02,1566999902.319346,25.6,86.4
28/08/2019 09:50:02,1567000202.479836,25.6,86.4
28/08/2019 09:55:02,1567000502.5831275,25.7,85.7
28/08/2019 10:00:02,1567000802.6968622,25.4,86.2
28/08/2019 10:05:01,1567001101.9398959,25.3,86.5
28/08/2019 10:10:02,1567001402.2578769,25.3,86.5
28/08/2019 10:15:02,1567001702.3929536,25.3,85.5
28/08/2019 10:20:02,1567002002.858737,25.2,85.6
28/08/2019 10:25:01,1567002301.9656634,25.2,85.4
28/08/2019 10:30:02,1567002602.6357086,25.1,85.5
28/08/2019 10:35:01,1567002901.9006152,25.1,85.0
28/08/2019 10:40:01,1567003201.9997451,25.1,85.2
28/08/2019 10:45:02,1567003502.1068957,25.1,84.8
28/08/2019 10:50:02,1567003802.7895782,25.1,84.4
28/08/2019 10:55:01,1567004101.955435,25.1,82.8
28/08/2019 11:00:02,1567004402.1391826,25.2,79.6
28/08/2019 11:05:02,1567004702.3837938,25.3,75.0
28/08/2019 11:10:02,1567005002.0682013,25.4,74.0
28/08/2019 11:15:02,1567005302.1857507,25.4,72.6
28/08/2019 11:20:02,1567005602.5339854,25.4,71.9
28/08/2019 11:25:02,1567005902.629543,25.5,71.8
28/08/2019 11:30:02,1567006202.8886702,25.5,70.9
28/08/2019 11:35:02,1567006502.1244175,25.6,71.5
28/08/2019 11:40:02,1567006802.258235,25.6,70.1
28/08/2019 11:45:02,1567007102.560299,25.6,68.1
28/08/2019 11:50:02,1567007402.717189,25.7,68.8
28/08/2019 11:55:01,1567007701.977599,25.7,68.7
28/08/2019 12:00:02,1567008002.4053612,25.6,66.6
28/08/2019 12:05:02,1567008302.5657184,25.6,66.2
28/08/2019 12:10:02,1567008602.2283564,25.7,67.1
28/08/2019 12:15:02,1567008902.3377903,25.8,66.1
28/08/2019 12:20:03,1567009203.524837,25.8,65.5
28/08/2019 12:25:01,1567009501.9198575,25.9,65.4
28/08/2019 12:30:02,1567009802.2274618,25.9,64.0
28/08/2019 12:35:01,1567010101.9320705,25.9,63.6
28/08/2019 12:40:03,1567010403.073985,26.0,63.4
28/08/2019 12:45:02,1567010702.3832784,26.0,62.4
28/08/2019 12:50:02,1567011002.39344,26.0,61.8
28/08/2019 12:55:02,1567011302.5452929,26.1,61.2
28/08/2019 13:00:02,1567011602.6503036,26.1,61.0
28/08/2019 13:05:02,1567011902.7501242,26.2,60.6
28/08/2019 13:10:02,1567012202.4479547,26.1,58.8
28/08/2019 13:15:02,1567012502.5621934,26.1,58.8
28/08/2019 13:20:02,1567012802.0371583,26.2,58.3
28/08/2019 13:25:02,1567013102.9708939,26.2,56.1
28/08/2019 13:30:02,1567013402.453469,26.2,53.6
28/08/2019 13:35:02,1567013702.6319046,26.2,52.8
28/08/2019 13:40:02,1567014002.7495344,26.2,51.6
28/08/2019 13:45:01,1567014301.9765978,26.2,50.9
28/08/2019 13:50:02,1567014602.1385267,26.2,51.0
28/08/2019 13:55:03,1567014903.078021,26.2,50.6
28/08/2019 14:00:02,1567015202.45968,26.3,51.4
28/08/2019 14:05:02,1567015502.5691862,26.2,50.2
28/08/2019 14:10:02,1567015802.686322,26.2,49.8
28/08/2019 14:15:01,1567016101.9059577,26.1,49.6
28/08/2019 14:20:02,1567016402.283729,26.1,48.8
28/08/2019 14:25:02,1567016702.5785813,26.1,48.7
28/08/2019 14:30:02,1567017002.8028636,26.3,47.8
28/08/2019 14:35:02,1567017302.4742908,26.3,48.2
28/08/2019 14:40:02,1567017602.6343513,26.4,48.2
28/08/2019 14:41:33,1567017693.2462432,26.4,47.9
28/08/2019 14:45:02,1567017902.7479446,26.5,46.7
28/08/2019 14:45:18,1567017918.1805267,26.6,46.4
28/08/2019 14:49:39,1567018179.7028182,26.6,45.6
28/08/2019 14:50:12,1567018212.8632534,26.6,45.9
28/08/2019 14:55:13,1567018513.1505322,26.6,47.0
28/08/2019 15:00:12,1567018812.6149158,26.7,47.4
28/08/2019 15:05:12,1567019112.2022355,26.7,47.8
28/08/2019 15:10:12,1567019412.7717826,26.6,48.4
28/08/2019 15:15:12,1567019712.6084898,26.6,49.2
28/08/2019 15:20:12,1567020012.6289172,26.6,48.1
28/08/2019 15:25:12,1567020312.5621963,26.7,49.4
28/08/2019 15:30:12,1567020612.5646002,26.6,49.5
28/08/2019 15:35:12,1567020912.5252743,26.8,48.3
28/08/2019 15:40:13,1567021213.1577907,27.1,46.6
28/08/2019 15:45:13,1567021513.125066,27.1,46.6
28/08/2019 15:50:12,1567021812.7185228,27.1,47.0
28/08/2019 15:55:13,1567022113.2562714,27.1,46.2
28/08/2019 16:00:12,1567022412.9042518,27.2,46.9
28/08/2019 16:05:12,1567022712.5302303,27.3,47.5
28/08/2019 16:10:12,1567023012.631505,27.3,47.0
28/08/2019 16:15:13,1567023313.1670678,27.3,46.4
28/08/2019 16:20:12,1567023612.989852,27.4,47.5
28/08/2019 16:25:12,1567023912.5702977,27.3,47.4
28/08/2019 16:30:13,1567024213.050823,27.4,47.1
28/08/2019 16:35:12,1567024512.5811152,27.4,48.1
28/08/2019 16:40:13,1567024813.1353168,27.3,48.8
28/08/2019 16:45:13,1567025113.1336136,27.4,48.9
28/08/2019 16:50:12,1567025412.8320177,27.4,49.5
28/08/2019 16:55:12,1567025712.8911247,27.4,50.5
28/08/2019 17:00:12,1567026012.3440251,27.5,50.8
28/08/2019 17:05:12,1567026312.3427086,27.5,50.7
28/08/2019 17:10:12,1567026612.944111,27.5,51.5
28/08/2019 17:15:12,1567026912.618252,27.6,51.6
28/08/2019 17:20:12,1567027212.5332124,27.5,52.2
28/08/2019 17:25:13,1567027513.394434,27.6,52.2
28/08/2019 17:30:13,1567027813.0929542,27.7,52.5
28/08/2019 17:35:12,1567028112.7051642,27.7,53.2
28/08/2019 17:40:13,1567028413.2533135,27.8,53.3
28/08/2019 17:45:12,1567028712.9333181,27.8,53.6
28/08/2019 17:50:12,1567029012.5523944,27.7,53.6
28/08/2019 17:55:13,1567029313.189871,28.0,54.1
28/08/2019 18:00:12,1567029612.6865468,27.8,53.8
28/08/2019 18:05:12,1567029912.4699228,27.9,54.1
28/08/2019 18:10:12,1567030212.9974074,27.9,53.6
28/08/2019 18:15:12,1567030512.485703,27.8,53.9
28/08/2019 18:20:13,1567030813.2219872,27.7,54.0
28/08/2019 18:25:12,1567031112.8550694,27.6,54.1
28/08/2019 18:30:12,1567031412.3137846,27.5,54.3
28/08/2019 18:35:12,1567031712.8634295,27.4,54.6
28/08/2019 18:40:12,1567032012.4081833,27.4,54.7
28/08/2019 18:45:12,1567032312.873639,27.4,55.0
28/08/2019 18:50:12,1567032612.3656251,27.3,55.0
28/08/2019 18:55:12,1567032912.7998672,27.3,55.3
28/08/2019 19:00:12,1567033212.1914294,27.3,55.5
28/08/2019 19:05:12,1567033512.7496488,27.3,55.6
28/08/2019 19:10:13,1567033813.2580793,27.2,55.6
28/08/2019 19:15:13,1567034113.2639012,27.2,55.9
28/08/2019 19:20:13,1567034413.147435,27.2,55.7
28/08/2019 19:25:12,1567034712.5713754,27.2,56.0
28/08/2019 19:30:13,1567035013.0733118,27.2,55.8
28/08/2019 19:35:12,1567035312.6142771,27.1,56.2
28/08/2019 19:40:13,1567035613.1853049,27.0,56.3
28/08/2019 19:45:13,1567035913.1381352,27.0,56.4
28/08/2019 19:50:12,1567036212.7636132,27.0,56.7
28/08/2019 19:55:12,1567036512.3616362,27.0,56.6
28/08/2019 20:00:12,1567036812.8248208,26.9,56.8
28/08/2019 20:05:12,1567037112.334342,26.9,56.9
28/08/2019 20:10:12,1567037412.9488711,26.8,57.0
28/08/2019 20:15:12,1567037712.5183964,26.8,57.4
28/08/2019 20:20:13,1567038013.2958648,26.7,57.4
28/08/2019 20:25:12,1567038312.91439,26.8,57.6
28/08/2019 20:30:12,1567038612.4150794,26.7,57.8
28/08/2019 20:35:12,1567038912.9023347,26.7,57.9
28/08/2019 20:40:12,1567039212.393516,26.7,58.2
28/08/2019 20:45:12,1567039512.4681926,26.7,59.0
28/08/2019 20:50:13,1567039813.1579762,26.8,58.4
28/08/2019 20:55:12,1567040112.8678741,27.0,59.4
28/08/2019 21:00:12,1567040412.4810238,27.2,58.2
28/08/2019 21:05:12,1567040712.3749819,27.2,59.4
28/08/2019 21:10:13,1567041013.2180417,27.3,59.6
28/08/2019 21:15:13,1567041313.170701,27.3,58.3
28/08/2019 21:20:12,1567041612.7284951,27.3,58.2
28/08/2019 21:25:12,1567041912.367561,27.4,58.1
28/08/2019 21:30:13,1567042213.1225986,27.4,58.8
28/08/2019 21:35:12,1567042512.9707835,27.3,59.0
28/08/2019 21:40:12,1567042812.774918,27.3,59.3
28/08/2019 21:45:12,1567043112.6673524,27.3,59.2
28/08/2019 21:50:13,1567043413.1800923,27.3,59.5
28/08/2019 21:55:13,1567043713.6863692,27.4,59.2
28/08/2019 22:00:13,1567044013.7863233,27.4,58.9
28/08/2019 22:05:12,1567044312.91846,27.3,59.0
28/08/2019 22:10:13,1567044613.0953817,27.1,59.1
28/08/2019 22:15:13,1567044913.248249,27.0,59.2
28/08/2019 22:20:13,1567045213.6422648,26.9,59.3
28/08/2019 22:25:13,1567045513.8016331,26.8,59.6
28/08/2019 22:30:12,1567045812.546987,26.8,59.6
28/08/2019 22:35:13,1567046113.1413116,26.6,59.5
28/08/2019 22:40:13,1567046413.253656,26.6,59.6
28/08/2019 22:45:12,1567046712.754795,26.5,59.7
28/08/2019 22:50:13,1567047013.398208,26.5,59.7
28/08/2019 22:55:12,1567047312.9876902,26.5,59.6
28/08/2019 23:00:12,1567047612.541668,26.4,59.4
28/08/2019 23:05:13,1567047913.1964376,26.3,59.5
28/08/2019 23:10:12,1567048212.8187957,26.3,59.5
28/08/2019 23:15:13,1567048513.4485316,26.2,59.3
28/08/2019 23:20:13,1567048813.614877,26.2,58.8
28/08/2019 23:25:13,1567049113.2191632,26.1,58.1
28/08/2019 23:30:12,1567049412.8023436,26.0,58.4
28/08/2019 23:35:13,1567049713.420156,26.0,57.9
28/08/2019 23:40:13,1567050013.5356567,25.9,58.2
28/08/2019 23:45:12,1567050312.9688332,25.8,58.1
28/08/2019 23:50:13,1567050613.4048717,25.8,58.2
28/08/2019 23:55:12,1567050912.9699326,25.8,57.9
29/08/2019 00:00:13,1567051213.4894164,25.8,57.9
29/08/2019 00:05:13,1567051513.0431185,25.7,57.9
29/08/2019 00:10:12,1567051812.5220766,25.7,57.9
29/08/2019 00:15:13,1567052113.055527,25.6,58.0
29/08/2019 00:20:12,1567052412.7863116,25.6,58.5
29/08/2019 00:25:13,1567052713.5290327,25.6,58.3
29/08/2019 00:30:13,1567053013.0233676,25.6,58.5
29/08/2019 00:35:13,1567053313.1990273,25.6,58.5
29/08/2019 00:40:12,1567053612.8484426,25.5,58.2
29/08/2019 00:45:13,1567053913.404077,25.5,58.7
29/08/2019 00:50:12,1567054212.9441068,25.4,58.4
29/08/2019 00:55:13,1567054513.536996,25.4,57.7
29/08/2019 01:00:13,1567054813.061208,25.3,58.7
29/08/2019 01:05:12,1567055112.488986,25.3,59.1
29/08/2019 01:10:13,1567055413.2199914,25.2,59.3
29/08/2019 01:15:12,1567055712.8194618,25.2,59.4
29/08/2019 01:20:12,1567056012.6245553,25.2,59.3
29/08/2019 01:25:12,1567056312.8048735,25.2,58.8
29/08/2019 01:30:13,1567056613.3509643,25.1,59.1
29/08/2019 01:35:12,1567056912.7733996,25.0,59.4
29/08/2019 01:40:12,1567057212.8402536,25.1,59.3
29/08/2019 01:45:13,1567057513.4026856,25.0,59.7
29/08/2019 01:50:13,1567057813.1188703,25.0,59.6
29/08/2019 01:55:12,1567058112.7450023,25.0,59.7
29/08/2019 02:00:13,1567058413.3921967,24.9,58.6
29/08/2019 02:05:12,1567058712.967451,24.8,59.8
29/08/2019 02:10:13,1567059013.4770746,24.8,59.2
29/08/2019 02:15:12,1567059312.9604983,24.7,59.6
29/08/2019 02:20:13,1567059613.3201935,24.7,60.0
29/08/2019 02:25:12,1567059912.8476636,24.7,59.7
29/08/2019 02:30:13,1567060213.4902592,24.7,59.9
29/08/2019 02:35:13,1567060513.0819907,24.6,59.1
29/08/2019 02:40:12,1567060812.5229998,24.6,59.6
29/08/2019 02:45:12,1567061112.605956,24.6,59.3
29/08/2019 02:50:13,1567061413.1321342,24.5,59.7
29/08/2019 02:55:12,1567061712.5862157,24.4,59.9
29/08/2019 03:00:13,1567062013.1639943,24.4,60.1
29/08/2019 03:05:12,1567062312.6460378,24.4,60.3
29/08/2019 03:10:13,1567062613.2705827,24.4,59.6
29/08/2019 03:15:12,1567062912.8259835,24.4,60.0
29/08/2019 03:20:12,1567063212.582053,24.3,60.3
29/08/2019 03:25:13,1567063513.2131808,24.3,60.4
29/08/2019 03:30:13,1567063813.280714,24.3,60.4
29/08/2019 03:35:13,1567064113.3546631,24.3,60.6
29/08/2019 03:40:12,1567064412.904474,24.3,60.7
29/08/2019 03:45:12,1567064712.9461462,24.2,60.4
29/08/2019 03:50:13,1567065013.4526625,24.2,60.8
29/08/2019 03:55:13,1567065313.0163727,24.2,60.5
29/08/2019 04:00:12,1567065612.7271771,24.2,60.2
29/08/2019 04:05:13,1567065913.2690232,24.1,60.8
29/08/2019 04:10:12,1567066212.8076994,24.1,60.2
29/08/2019 04:15:13,1567066513.3877203,24.1,60.7
29/08/2019 04:20:13,1567066813.1661239,24.1,60.5
29/08/2019 04:25:12,1567067112.6610813,24.0,60.9
29/08/2019 04:30:13,1567067413.215314,24.0,61.0
29/08/2019 04:35:13,1567067713.2298925,24.0,61.2
29/08/2019 04:40:12,1567068012.7674158,24.0,60.7
29/08/2019 04:45:13,1567068313.4552126,23.9,59.8
29/08/2019 04:50:12,1567068612.911358,23.9,61.0
29/08/2019 04:55:13,1567068913.4664779,23.8,61.0
29/08/2019 05:00:13,1567069213.1348357,23.8,61.1
29/08/2019 05:05:12,1567069512.6522813,23.8,61.4
29/08/2019 05:10:13,1567069813.1115386,23.8,61.3
29/08/2019 05:15:12,1567070112.6176288,23.8,61.7
29/08/2019 05:20:13,1567070413.4688709,23.8,62.1
29/08/2019 05:25:13,1567070713.0552473,23.7,62.2
29/08/2019 05:30:13,1567071013.1331453,23.8,62.2
29/08/2019 05:35:13,1567071313.1850116,23.7,61.7
29/08/2019 05:40:12,1567071612.717969,23.7,62.0
29/08/2019 05:45:13,1567071913.2205963,23.7,62.2
29/08/2019 05:50:12,1567072212.908478,23.7,61.7
29/08/2019 05:55:13,1567072513.608751,23.7,62.0
29/08/2019 06:00:13,1567072813.1168876,23.6,62.3
29/08/2019 06:05:12,1567073112.6772265,23.6,62.8
29/08/2019 06:10:13,1567073413.3798134,23.6,62.5
29/08/2019 06:15:13,1567073713.0034423,23.6,62.6
29/08/2019 06:20:12,1567074012.7281134,23.5,61.4
29/08/2019 06:25:14,1567074314.598422,23.4,62.1
29/08/2019 06:30:13,1567074613.2258642,23.4,61.7
29/08/2019 06:35:12,1567074912.851471,23.4,62.7
29/08/2019 06:40:13,1567075213.5321538,23.4,63.6
29/08/2019 06:45:13,1567075513.1522012,23.4,64.0
29/08/2019 06:50:12,1567075812.827453,23.4,64.1
29/08/2019 06:55:13,1567076113.436041,23.4,63.8
29/08/2019 07:00:13,1567076413.0996628,23.4,63.6
29/08/2019 07:05:12,1567076712.6947947,23.4,63.4
29/08/2019 07:10:13,1567077013.3776338,23.4,63.2
29/08/2019 07:15:12,1567077312.976097,23.3,63.2
29/08/2019 07:20:12,1567077612.7703438,23.3,63.0
29/08/2019 07:25:13,1567077913.3874977,23.3,62.6
29/08/2019 07:30:13,1567078213.0224023,23.5,61.7
29/08/2019 07:35:12,1567078512.6615388,23.4,62.0
29/08/2019 07:40:12,1567078812.7341895,23.4,61.8
29/08/2019 07:45:13,1567079113.3345158,23.4,61.3
29/08/2019 07:50:12,1567079412.813761,23.4,60.7
29/08/2019 07:55:13,1567079713.4223137,23.4,61.4
29/08/2019 08:00:12,1567080012.963752,23.6,61.2
29/08/2019 08:05:13,1567080313.4786613,23.8,61.5
29/08/2019 08:10:13,1567080613.11843,24.0,63.2
29/08/2019 08:15:12,1567080912.7559662,24.3,60.3
29/08/2019 08:20:12,1567081212.549349,24.4,60.4
29/08/2019 08:25:13,1567081513.0055845,24.5,60.5
29/08/2019 08:30:12,1567081812.52972,24.5,60.5
29/08/2019 08:35:13,1567082113.2384763,24.6,60.5
29/08/2019 08:40:12,1567082412.9739091,24.6,60.2
29/08/2019 08:45:12,1567082712.7728946,24.7,59.4
29/08/2019 08:50:13,1567083013.6383898,24.5,58.0
29/08/2019 08:55:13,1567083313.3443651,24.2,58.5
29/08/2019 09:00:13,1567083613.0956113,24.0,58.7
29/08/2019 09:05:12,1567083912.7469404,23.9,58.7
29/08/2019 09:10:13,1567084213.4923935,23.8,58.6
29/08/2019 09:15:13,1567084513.272091,23.6,58.9
29/08/2019 09:20:13,1567084813.284599,23.5,58.9
29/08/2019 09:25:12,1567085112.9681425,23.5,59.1
29/08/2019 09:30:12,1567085412.802059,23.4,59.4
29/08/2019 09:35:13,1567085713.5810304,23.3,59.5
29/08/2019 09:40:13,1567086013.2532344,23.3,59.6
29/08/2019 09:45:12,1567086312.9873145,23.2,59.8
29/08/2019 09:50:12,1567086612.7255576,23.1,59.9
29/08/2019 09:55:13,1567086913.50894,23.1,59.9
29/08/2019 10:00:13,1567087213.2002404,23.0,59.5
29/08/2019 10:05:13,1567087513.393979,23.0,59.3
29/08/2019 10:10:12,1567087812.7602232,22.9,58.5
29/08/2019 10:15:13,1567088113.5995586,22.9,58.1
29/08/2019 10:20:13,1567088413.5547764,22.8,57.7
29/08/2019 10:25:13,1567088713.3458958,22.9,57.7
29/08/2019 10:30:13,1567089013.0413058,22.8,56.7
29/08/2019 10:35:12,1567089312.7198482,22.8,56.5
29/08/2019 10:40:13,1567089613.5912783,22.8,56.7
29/08/2019 12:22:05,1567095725.8332162,23.6,46.1
29/08/2019 12:23:03,1567095783.8611672,26.6,45.9
29/08/2019 12:35:29,1567096529.3122509,26.6,46.3
29/08/2019 12:35:48,1567096548.161293,26.2,46.1
29/08/2019 12:40:23,1567096823.5199044,26.2,48.0
29/08/2019 12:45:24,1567097124.6850755,25.4,48.4
29/08/2019 12:50:24,1567097424.0204227,25.3,48.3
29/08/2019 12:55:21,1567097721.1127436,25.3,48.4
29/08/2019 13:00:24,1567098024.2255642,25.3,48.6
29/08/2019 13:05:23,1567098323.6337295,25.3,48.8
29/08/2019 13:10:23,1567098623.9764562,25.3,49.3
29/08/2019 13:15:24,1567098924.2416813,25.4,49.2
29/08/2019 13:20:25,1567099225.1515746,25.4,49.3
29/08/2019 13:25:24,1567099524.5399623,25.5,48.9
29/08/2019 13:30:22,1567099822.4843323,25.4,48.7
29/08/2019 13:35:21,1567100121.9397647,25.4,48.6
29/08/2019 13:40:13,1567100413.5387948,25.5,49.0
29/08/2019 13:45:12,1567100712.9938147,25.6,48.7
29/08/2019 13:50:13,1567101013.567243,25.6,48.6
29/08/2019 13:55:13,1567101313.0850062,25.5,48.6
29/08/2019 14:00:13,1567101613.460559,25.6,48.3
29/08/2019 14:05:12,1567101912.8538904,25.6,48.3
29/08/2019 14:10:13,1567102213.3269124,25.6,48.6
29/08/2019 14:15:12,1567102512.77305,25.6,48.6
29/08/2019 14:20:13,1567102813.4930723,25.6,48.7
29/08/2019 14:25:12,1567103112.8194478,25.5,48.6
29/08/2019 14:30:13,1567103413.1754344,25.6,48.7
29/08/2019 14:35:12,1567103712.463048,25.7,48.7
29/08/2019 14:40:13,1567104013.3439553,25.7,48.1
29/08/2019 14:45:12,1567104312.757048,25.8,47.6
29/08/2019 14:50:13,1567104613.2964897,25.8,48.6
29/08/2019 14:55:12,1567104912.7315757,25.9,48.3
29/08/2019 15:00:13,1567105213.1661186,26.0,48.0
29/08/2019 15:05:12,1567105512.8953097,26.1,47.8
29/08/2019 15:10:12,1567105812.4852836,26.1,48.1
29/08/2019 15:15:12,1567106112.7629561,26.2,47.4
29/08/2019 15:20:13,1567106413.277171,26.2,48.0
29/08/2019 15:25:12,1567106712.4270375,26.3,48.6
29/08/2019 15:30:12,1567107012.554304,26.4,49.5
29/08/2019 15:35:13,1567107313.1414945,26.5,49.9
29/08/2019 15:40:12,1567107612.9190035,26.6,50.1
29/08/2019 15:45:13,1567107913.218015,26.6,50.7
29/08/2019 15:50:12,1567108212.8340945,26.7,50.9
29/08/2019 15:55:13,1567108513.3047874,26.8,50.9
29/08/2019 16:00:13,1567108813.229468,26.9,51.2
29/08/2019 16:05:12,1567109112.767986,27.0,51.5
29/08/2019 16:10:13,1567109413.1688046,27.0,52.0
29/08/2019 16:15:12,1567109712.6188238,27.1,52.5
29/08/2019 16:20:13,1567110013.262543,27.2,53.1
29/08/2019 16:25:13,1567110313.3140798,27.2,53.7
29/08/2019 16:30:12,1567110612.8812454,27.4,53.8
29/08/2019 16:35:13,1567110913.434866,27.4,53.9
29/08/2019 16:40:13,1567111213.095144,27.4,54.2
29/08/2019 16:45:12,1567111512.5440485,27.5,54.3
29/08/2019 16:50:13,1567111813.076079,27.5,54.5
29/08/2019 16:55:12,1567112112.6827161,27.6,54.8
29/08/2019 17:00:13,1567112413.1646821,27.6,52.2
29/08/2019 17:05:12,1567112712.6954792,27.6,51.2
29/08/2019 17:10:13,1567113013.3966248,27.5,50.5
29/08/2019 17:15:12,1567113312.9187233,27.5,49.9
29/08/2019 17:20:12,1567113612.5901973,27.6,49.5
29/08/2019 17:25:12,1567113912.737187,27.5,49.4
29/08/2019 17:30:12,1567114212.8433702,27.4,48.9
29/08/2019 17:35:12,1567114512.9834921,27.4,49.4
29/08/2019 17:40:13,1567114813.1717906,27.4,49.2
29/08/2019 17:45:12,1567115112.9121714,27.4,49.2
29/08/2019 17:50:13,1567115413.0657496,27.4,49.3
29/08/2019 17:55:13,1567115713.2735097,27.4,49.5
29/08/2019 18:00:12,1567116012.5658205,27.5,49.7
29/08/2019 18:05:12,1567116312.7858558,27.5,50.0
29/08/2019 18:10:13,1567116613.1383545,27.5,51.2
29/08/2019 18:15:13,1567116913.391662,27.6,51.1
29/08/2019 18:20:13,1567117213.009891,27.5,51.3
29/08/2019 18:25:13,1567117513.1337273,27.6,51.3
29/08/2019 18:30:13,1567117813.2415428,27.5,51.3
29/08/2019 18:35:13,1567118113.480819,27.5,51.8
29/08/2019 18:40:12,1567118412.6805642,27.5,51.6
29/08/2019 18:45:12,1567118712.9707685,27.5,51.7
29/08/2019 18:50:13,1567119013.5271382,27.5,52.0
29/08/2019 18:55:13,1567119313.0309331,27.4,52.5
29/08/2019 19:00:12,1567119612.7434223,27.4,52.7
29/08/2019 19:05:12,1567119912.799243,27.3,52.9
29/08/2019 19:10:13,1567120213.3196318,27.2,53.0
29/08/2019 19:15:12,1567120512.814867,27.2,53.0
29/08/2019 19:20:13,1567120813.1870759,27.1,53.1
29/08/2019 19:25:12,1567121112.6240804,27.1,53.1
29/08/2019 19:30:13,1567121413.1876163,27.0,53.2
29/08/2019 19:35:12,1567121712.6858754,27.0,53.4
29/08/2019 19:40:13,1567122013.1538835,26.9,53.6
29/08/2019 19:45:12,1567122312.7451184,26.9,53.7
29/08/2019 19:50:13,1567122613.3971357,26.8,53.7
29/08/2019 19:55:12,1567122912.8364632,26.8,53.9
29/08/2019 20:00:13,1567123213.3427744,26.8,54.1
29/08/2019 20:05:12,1567123512.8114777,26.7,54.3
29/08/2019 20:10:13,1567123813.4371784,26.6,54.5
29/08/2019 20:15:13,1567124113.053544,26.6,54.6
29/08/2019 20:20:13,1567124413.0123181,26.6,54.8
29/08/2019 20:25:12,1567124712.6656873,26.6,54.9
29/08/2019 20:30:13,1567125013.3529932,26.6,55.1
29/08/2019 20:35:13,1567125313.057517,26.6,55.9
29/08/2019 20:40:13,1567125613.4968235,26.6,56.0
29/08/2019 20:45:12,1567125912.9958646,26.6,56.7
29/08/2019 20:50:13,1567126213.2692068,26.7,56.4
29/08/2019 20:55:13,1567126513.169708,26.6,56.0
29/08/2019 21:00:13,1567126813.5892425,26.8,56.1
29/08/2019 21:05:13,1567127113.410679,26.8,56.0
29/08/2019 21:10:12,1567127412.7545369,26.8,55.9
29/08/2019 21:15:13,1567127713.122159,26.8,55.9
29/08/2019 21:20:13,1567128013.344099,26.8,56.0
29/08/2019 21:25:12,1567128312.70444,26.8,56.0
29/08/2019 21:30:13,1567128613.0439057,26.8,56.1
29/08/2019 21:35:12,1567128912.9074194,26.8,56.1
29/08/2019 21:40:13,1567129213.1726546,26.8,56.2
29/08/2019 21:45:13,1567129513.0025883,26.7,56.3
29/08/2019 21:50:13,1567129813.3394473,26.8,57.1
29/08/2019 21:55:13,1567130113.592883,26.8,56.8
29/08/2019 22:00:13,1567130413.2327125,26.8,56.5
29/08/2019 22:05:12,1567130712.9924283,26.7,57.2
29/08/2019 22:10:12,1567131012.6880953,26.8,57.2
29/08/2019 22:15:13,1567131313.3795757,27.0,56.5
29/08/2019 22:20:13,1567131613.2220852,27.2,56.0
29/08/2019 22:25:13,1567131913.3652885,27.2,55.8
29/08/2019 22:30:13,1567132213.0250337,27.3,55.6
29/08/2019 22:35:12,1567132512.677153,27.2,56.2
29/08/2019 22:40:13,1567132813.3104653,27.2,56.0
29/08/2019 22:45:12,1567133112.9143412,27.2,55.7
29/08/2019 22:50:13,1567133413.5914962,27.3,55.7
29/08/2019 22:55:12,1567133712.9449027,27.3,55.7
29/08/2019 23:00:13,1567134013.602819,27.5,54.8
29/08/2019 23:05:13,1567134313.2944877,27.6,54.6
29/08/2019 23:10:13,1567134613.092035,27.7,54.8
29/08/2019 23:15:13,1567134913.162246,27.7,55.2
29/08/2019 23:20:12,1567135212.863094,27.8,55.4
29/08/2019 23:25:13,1567135513.183135,27.8,55.4
29/08/2019 23:30:13,1567135813.127546,27.8,55.4
29/08/2019 23:35:14,1567136114.6104505,27.7,55.7
29/08/2019 23:40:16,1567136416.3967671,27.7,55.8
29/08/2019 23:45:12,1567136712.9227371,27.8,55.8
29/08/2019 23:50:13,1567137013.3258371,27.8,55.9
29/08/2019 23:55:13,1567137313.1758657,27.8,56.1
30/08/2019 00:00:13,1567137613.5627844,27.8,56.4
30/08/2019 00:05:13,1567137913.479135,27.8,56.6
30/08/2019 00:10:13,1567138213.3707683,27.8,57.0
30/08/2019 00:15:13,1567138513.2008464,27.8,57.4
30/08/2019 00:20:13,1567138813.3263385,27.8,57.4
30/08/2019 00:25:13,1567139113.3322525,27.8,57.3
30/08/2019 00:30:13,1567139413.4366012,27.8,57.2
30/08/2019 00:35:13,1567139713.1479335,27.8,57.3
30/08/2019 00:40:12,1567140012.8710816,27.7,57.4
30/08/2019 00:45:12,1567140312.7524304,27.7,57.2
30/08/2019 00:50:13,1567140613.0118277,27.7,57.1
30/08/2019 00:55:13,1567140913.2087412,27.7,57.0
30/08/2019 01:00:12,1567141212.8958535,27.7,56.8
30/08/2019 01:05:13,1567141513.7374923,27.6,56.8
30/08/2019 01:10:13,1567141813.5494215,27.6,56.7
30/08/2019 01:15:13,1567142113.332746,27.5,56.6
30/08/2019 01:20:13,1567142413.3407323,27.5,56.5
30/08/2019 01:25:12,1567142712.9797297,27.5,56.6
30/08/2019 01:30:13,1567143013.7241914,27.5,56.7
30/08/2019 01:35:13,1567143313.5000181,27.4,56.8
30/08/2019 01:40:13,1567143613.1830318,27.4,56.8
30/08/2019 01:45:12,1567143912.8409994,27.4,57.0
30/08/2019 01:50:13,1567144213.5836887,27.3,57.0
30/08/2019 01:55:13,1567144513.3294795,27.3,57.0
30/08/2019 02:00:13,1567144813.2335489,27.3,56.9
30/08/2019 02:05:12,1567145112.8799455,27.4,56.9
30/08/2019 02:10:13,1567145413.6186945,27.3,57.0
30/08/2019 02:15:13,1567145713.4936337,27.3,57.0
30/08/2019 02:20:13,1567146013.5446093,27.2,57.2
30/08/2019 02:25:13,1567146313.2306848,27.2,57.3
30/08/2019 02:30:12,1567146612.8918953,27.2,57.5
30/08/2019 02:35:13,1567146913.5573559,27.2,57.5
30/08/2019 02:40:13,1567147213.5127482,27.2,57.9
30/08/2019 02:45:13,1567147513.3704944,27.2,57.9
30/08/2019 02:50:13,1567147813.059056,27.2,57.9
30/08/2019 02:55:12,1567148112.8099244,27.2,58.3
30/08/2019 03:00:13,1567148413.5473475,27.1,58.5
30/08/2019 03:05:13,1567148713.4381166,27.1,58.8
30/08/2019 03:10:13,1567149013.1683638,27.1,59.1
30/08/2019 03:15:13,1567149313.0106256,27.2,59.3
30/08/2019 03:20:13,1567149613.0215871,27.2,59.5
30/08/2019 03:25:12,1567149912.63433,27.2,60.0
30/08/2019 03:30:12,1567150212.9209795,27.2,60.5
30/08/2019 03:35:13,1567150513.6678772,27.2,60.9
30/08/2019 03:40:13,1567150813.449853,27.2,61.4
30/08/2019 03:45:13,1567151113.2058706,27.2,61.7
30/08/2019 03:50:12,1567151412.9531305,27.2,61.3
30/08/2019 03:55:13,1567151713.1673274,27.2,60.4
30/08/2019 04:00:12,1567152012.8603518,27.1,60.0
30/08/2019 04:05:13,1567152313.581318,27.1,59.9
30/08/2019 04:10:13,1567152613.28882,27.0,59.5
30/08/2019 04:15:13,1567152913.0004182,27.0,58.8
30/08/2019 04:20:12,1567153212.8930578,26.9,58.5
30/08/2019 04:25:13,1567153513.6369183,26.8,58.5
30/08/2019 04:30:13,1567153813.2675333,26.8,58.6
30/08/2019 04:35:12,1567154112.9253426,26.7,58.8
30/08/2019 04:40:13,1567154413.2226381,26.7,58.8
30/08/2019 04:45:13,1567154713.0836987,26.7,58.8
30/08/2019 04:50:12,1567155012.9507077,26.6,58.6
30/08/2019 04:55:12,1567155312.663357,26.7,58.6
30/08/2019 05:00:13,1567155613.3231184,26.6,58.6
30/08/2019 05:05:13,1567155913.0254467,26.5,58.5
30/08/2019 05:10:13,1567156213.3427584,26.5,57.0
30/08/2019 05:15:13,1567156513.0149097,26.5,56.1
30/08/2019 05:20:13,1567156813.0032063,26.4,54.7
30/08/2019 05:25:12,1567157112.8699381,26.4,53.8
30/08/2019 05:30:13,1567157413.6706846,26.4,53.9
30/08/2019 05:35:13,1567157713.4131734,26.3,52.7
30/08/2019 05:40:13,1567158013.0566907,26.2,53.4
30/08/2019 05:45:12,1567158312.8364172,26.2,53.5
30/08/2019 05:50:13,1567158613.6495843,26.2,53.6
30/08/2019 05:55:13,1567158913.4635808,26.2,53.5
30/08/2019 06:00:13,1567159213.2382767,26.2,53.8
30/08/2019 06:05:12,1567159512.9380038,26.2,53.9
30/08/2019 06:10:13,1567159813.8027768,26.2,53.6
30/08/2019 06:15:13,1567160113.4310353,26.2,53.9
30/08/2019 06:20:13,1567160413.511337,26.2,53.6
30/08/2019 06:25:14,1567160714.6871002,26.2,53.8
30/08/2019 06:30:13,1567161013.4388387,26.1,53.5
30/08/2019 06:35:13,1567161313.1929734,26.1,53.4
30/08/2019 06:40:13,1567161613.056798,26.1,53.0
30/08/2019 06:45:12,1567161912.7740123,26.0,53.2
30/08/2019 06:50:13,1567162213.4677076,26.0,53.3
30/08/2019 06:55:13,1567162513.1862419,26.0,53.3
30/08/2019 07:00:13,1567162813.0287719,26.0,53.5
30/08/2019 07:05:12,1567163112.8141594,26.0,53.4
30/08/2019 07:10:13,1567163413.6078222,26.0,53.6
30/08/2019 07:15:13,1567163713.3749566,26.0,54.0
30/08/2019 07:20:13,1567164013.3775842,26.0,54.0
30/08/2019 07:25:13,1567164313.1155708,26.0,54.0
30/08/2019 07:30:12,1567164612.9811366,26.0,54.2
30/08/2019 07:35:12,1567164912.8729699,26.0,54.5
30/08/2019 07:40:13,1567165213.7630575,26.0,53.9
30/08/2019 07:45:13,1567165513.576547,25.9,54.3
30/08/2019 07:50:13,1567165813.4939134,25.8,54.0
30/08/2019 07:55:13,1567166113.4432092,25.8,54.5
30/08/2019 08:00:13,1567166413.3627474,25.8,54.6
30/08/2019 08:05:13,1567166713.2885315,25.8,54.2
30/08/2019 08:10:13,1567167013.1616442,25.8,54.4
30/08/2019 08:15:13,1567167313.116229,25.8,55.0
30/08/2019 08:20:13,1567167613.2402048,25.7,54.8
30/08/2019 08:25:13,1567167913.024286,25.7,55.1
30/08/2019 08:30:13,1567168213.0126987,25.8,55.0
30/08/2019 08:35:12,1567168512.9915304,25.7,55.8
30/08/2019 08:40:12,1567168812.832634,25.7,55.9
30/08/2019 08:45:13,1567169113.66169,25.8,55.4
30/08/2019 08:50:13,1567169413.4599388,25.7,55.4
30/08/2019 08:55:13,1567169713.277878,25.7,55.6
30/08/2019 09:00:13,1567170013.286263,25.7,55.5
30/08/2019 09:05:13,1567170313.1349103,25.7,55.9
30/08/2019 09:10:13,1567170613.0766804,25.7,55.8
30/08/2019 09:15:13,1567170913.127716,25.7,55.9
30/08/2019 09:20:13,1567171213.2451274,25.7,55.7
30/08/2019 09:25:13,1567171513.16946,25.7,55.9
30/08/2019 09:30:13,1567171813.005565,25.6,55.9
30/08/2019 09:35:12,1567172112.8164694,25.6,55.8
30/08/2019 09:40:13,1567172413.6831949,25.6,56.1
30/08/2019 09:45:13,1567172713.5785346,25.6,56.4
30/08/2019 09:50:13,1567173013.5136945,25.6,56.3
30/08/2019 09:55:13,1567173313.3994246,25.6,56.1
30/08/2019 10:00:13,1567173613.2253475,25.6,56.0
30/08/2019 10:05:13,1567173913.1592991,25.6,56.5
30/08/2019 10:10:13,1567174213.0433035,25.6,56.9
30/08/2019 10:15:12,1567174512.9208124,25.6,55.6
30/08/2019 10:20:13,1567174813.083568,25.7,55.1
30/08/2019 10:25:13,1567175113.6844792,25.7,52.4
30/08/2019 10:30:13,1567175413.6172013,25.6,54.0
30/08/2019 10:35:13,1567175713.5718362,25.5,53.1
30/08/2019 10:40:13,1567176013.3851888,25.5,53.3
30/08/2019 10:45:13,1567176313.3575256,25.5,52.6
30/08/2019 10:50:13,1567176613.237322,25.4,52.9
30/08/2019 10:55:13,1567176913.5921183,25.4,52.5
30/08/2019 11:00:13,1567177213.553782,25.4,52.0
30/08/2019 11:05:13,1567177513.0398889,25.4,51.6
30/08/2019 11:10:12,1567177812.8933089,25.4,52.3
30/08/2019 11:15:13,1567178113.810952,25.4,52.5
30/08/2019 11:20:12,1567178412.8711257,25.4,52.5
30/08/2019 11:25:13,1567178713.2892902,25.5,52.2
30/08/2019 11:30:13,1567179013.174218,25.4,51.8
30/08/2019 11:35:13,1567179313.0941632,25.5,51.1
30/08/2019 11:40:13,1567179613.1593142,25.5,50.8
30/08/2019 11:45:13,1567179913.1909888,25.4,50.6
30/08/2019 11:50:13,1567180213.1164103,25.5,50.0
30/08/2019 11:55:12,1567180512.900039,25.4,50.4
30/08/2019 12:00:13,1567180813.771835,25.4,50.1
30/08/2019 12:05:13,1567181113.6123118,25.4,50.1
30/08/2019 12:10:13,1567181413.142809,25.5,50.0
30/08/2019 12:15:13,1567181713.667531,25.5,50.4
30/08/2019 12:20:12,1567182012.7525878,25.5,49.7
30/08/2019 12:25:13,1567182313.3933823,25.5,49.8
30/08/2019 12:30:13,1567182613.3029168,25.5,49.5
30/08/2019 12:35:13,1567182913.1901,25.6,49.4
30/08/2019 12:40:13,1567183213.6262453,25.6,48.8
30/08/2019 12:45:13,1567183513.5765166,25.6,48.7
30/08/2019 12:50:13,1567183813.494719,25.6,48.9
30/08/2019 12:55:13,1567184113.4244354,25.6,48.9
30/08/2019 13:00:13,1567184413.2935174,25.6,49.2
30/08/2019 13:05:13,1567184713.7392573,25.6,48.7
30/08/2019 13:10:13,1567185013.6719894,25.7,48.7
30/08/2019 13:15:13,1567185313.2890759,25.7,48.8
30/08/2019 13:20:13,1567185613.3319747,25.7,49.1
30/08/2019 13:25:13,1567185913.7481017,25.8,48.8
30/08/2019 13:30:13,1567186213.7633355,25.8,48.8
30/08/2019 13:35:13,1567186513.8468769,25.8,49.0
30/08/2019 13:40:13,1567186813.2955308,25.9,48.8
30/08/2019 13:45:13,1567187113.3117676,25.9,48.1
30/08/2019 13:50:13,1567187413.8212044,25.9,48.0
30/08/2019 13:55:13,1567187713.96407,26.0,47.4
30/08/2019 14:00:13,1567188013.0867531,26.3,47.0
30/08/2019 14:05:13,1567188313.2284493,26.4,46.6
30/08/2019 14:10:13,1567188613.567154,26.6,46.4
30/08/2019 14:15:13,1567188913.8359244,26.7,45.9
30/08/2019 14:20:13,1567189213.906733,26.8,45.4
30/08/2019 14:25:25,1567189525.2145548,26.9,45.3
30/08/2019 14:30:22,1567189822.0070384,26.9,44.8
30/08/2019 14:35:13,1567190113.4600143,27.0,44.6
30/08/2019 14:40:13,1567190413.2024617,27.1,44.1
30/08/2019 14:45:12,1567190712.9508667,27.2,44.1
30/08/2019 14:50:13,1567191013.5362678,27.3,43.7
30/08/2019 14:55:16,1567191316.0183866,27.4,43.0
30/08/2019 15:00:13,1567191613.7132332,27.5,42.5
30/08/2019 15:05:15,1567191915.1830316,27.5,41.7
30/08/2019 15:10:13,1567192213.342362,27.6,41.5
30/08/2019 15:15:14,1567192514.1132922,27.6,40.6
30/08/2019 15:20:14,1567192814.457138,27.7,41.2
30/08/2019 15:25:13,1567193113.37421,27.7,40.7
30/08/2019 15:30:13,1567193413.5877123,27.8,39.8
30/08/2019 15:35:13,1567193713.0865393,27.8,40.3
30/08/2019 15:40:12,1567194012.9821038,27.9,39.7
30/08/2019 15:50:18,1567194618.4812133,28.0,39.9
30/08/2019 15:55:29,1567194929.634245,28.1,39.3
30/08/2019 16:00:17,1567195217.7281382,28.1,39.0
30/08/2019 16:05:19,1567195519.7865164,28.3,38.6
30/08/2019 16:10:15,1567195815.477106,28.2,39.2
30/08/2019 16:15:15,1567196115.3609753,28.2,38.7
30/08/2019 16:20:15,1567196415.3075001,28.3,38.9
30/08/2019 16:25:14,1567196714.9506078,28.3,39.6
30/08/2019 16:30:16,1567197016.2660098,28.2,40.2
30/08/2019 16:35:32,1567197332.2931285,28.3,39.8
30/08/2019 16:40:32,1567197632.8041663,28.5,39.3
30/08/2019 16:45:19,1567197919.8859177,28.6,38.8
30/08/2019 16:50:18,1567198218.4766314,28.6,38.4
30/08/2019 16:55:19,1567198519.6354632,28.6,39.0
30/08/2019 17:00:18,1567198818.113735,28.7,38.8
30/08/2019 17:05:19,1567199119.007521,28.7,38.6
30/08/2019 17:10:18,1567199418.7550058,28.7,39.0
30/08/2019 17:15:18,1567199718.2011592,28.8,38.4
30/08/2019 17:20:18,1567200018.5016422,28.7,37.9
30/08/2019 17:25:18,1567200318.717632,28.7,37.9
30/08/2019 17:30:17,1567200617.8097594,28.7,37.4
30/08/2019 17:35:18,1567200918.3967168,28.6,37.3
30/08/2019 17:40:18,1567201218.608963,29.4,35.3
30/08/2019 17:45:19,1567201519.4467473,28.6,37.7
30/08/2019 17:50:19,1567201819.7702007,28.1,38.6
30/08/2019 18:00:18,1567202418.203469,27.7,38.6
30/08/2019 18:05:15,1567202715.6591306,27.6,38.8
30/08/2019 18:10:15,1567203015.5088747,27.5,38.6
30/08/2019 18:15:15,1567203315.824303,27.4,38.2
30/08/2019 18:20:15,1567203615.878204,27.3,38.1
30/08/2019 18:25:15,1567203915.8127713,27.1,38.1
30/08/2019 18:30:16,1567204216.2523253,27.0,38.5
30/08/2019 18:35:15,1567204515.5857906,27.0,38.6
30/08/2019 18:40:16,1567204816.027299,26.9,38.9
30/08/2019 18:45:15,1567205115.3223944,27.1,39.6
30/08/2019 18:50:15,1567205415.6959836,27.1,40.4
30/08/2019 18:55:16,1567205716.105974,27.2,40.4
30/08/2019 19:00:15,1567206015.5022123,27.2,40.8
30/08/2019 19:05:16,1567206316.1697307,27.3,40.2
30/08/2019 19:10:16,1567206616.2482615,27.3,40.0
30/08/2019 19:15:17,1567206917.2212625,27.3,40.8
30/08/2019 19:20:17,1567207217.1116796,27.3,40.4
30/08/2019 19:25:16,1567207516.5996203,27.2,40.4
30/08/2019 19:30:16,1567207816.9665592,27.1,40.8
30/08/2019 19:35:16,1567208116.448087,27.1,41.3
30/08/2019 19:40:16,1567208416.685089,27.1,40.4
30/08/2019 19:45:16,1567208716.7893722,27.1,40.9
30/08/2019 19:50:16,1567209016.809432,27.1,40.8
30/08/2019 19:55:16,1567209316.719558,27.2,41.2
30/08/2019 20:00:14,1567209614.6209476,27.3,41.5
30/08/2019 20:05:14,1567209914.5331593,27.4,41.1
30/08/2019 20:10:15,1567210215.0008123,27.2,40.5
30/08/2019 20:15:14,1567210514.210285,27.2,41.5
30/08/2019 20:20:14,1567210814.7096472,27.2,41.8
30/08/2019 20:25:14,1567211114.389742,27.0,41.5
30/08/2019 20:30:13,1567211413.999799,27.1,42.0
30/08/2019 20:35:14,1567211714.466425,26.9,41.8
30/08/2019 20:40:13,1567212013.937711,26.8,41.9
30/08/2019 20:45:14,1567212314.5088437,26.8,41.7
30/08/2019 20:50:14,1567212614.0695126,26.6,42.2
30/08/2019 20:55:14,1567212914.6213286,26.5,42.5
30/08/2019 21:00:14,1567213214.3170204,26.4,42.9
30/08/2019 21:05:13,1567213513.8604126,26.4,42.9
30/08/2019 21:10:14,1567213814.0246005,26.4,43.7
30/08/2019 21:15:14,1567214114.6128116,26.4,43.8
30/08/2019 21:20:14,1567214414.5707457,26.4,43.6
30/08/2019 21:25:14,1567214714.2115226,26.3,44.0
30/08/2019 21:30:13,1567215013.8416312,26.3,43.9
30/08/2019 21:35:14,1567215314.3340766,26.3,44.2
30/08/2019 21:40:13,1567215613.945528,26.2,44.4
30/08/2019 21:45:14,1567215914.4602246,26.2,44.5
30/08/2019 21:50:14,1567216214.0005274,26.2,44.2
30/08/2019 21:55:14,1567216514.8077488,26.2,44.6
30/08/2019 22:00:14,1567216814.488192,26.1,45.7
30/08/2019 22:05:13,1567217113.9732442,26.1,45.9
30/08/2019 22:10:14,1567217414.513127,26.1,46.1
30/08/2019 22:15:14,1567217714.7949805,26.0,46.3
30/08/2019 22:20:14,1567218014.5440948,26.0,46.6
30/08/2019 22:25:14,1567218314.0615914,26.0,46.3
30/08/2019 22:30:14,1567218614.700014,26.0,46.5
30/08/2019 22:35:14,1567218914.4115622,25.9,46.4
30/08/2019 22:40:14,1567219214.025066,25.9,46.8
30/08/2019 22:45:14,1567219514.572119,25.9,47.1
30/08/2019 22:50:13,1567219813.8008704,25.9,47.7
30/08/2019 22:55:14,1567220114.4440718,25.9,47.9
30/08/2019 23:00:14,1567220414.0616884,25.9,47.8
30/08/2019 23:05:14,1567220714.7588377,25.8,47.8
30/08/2019 23:10:14,1567221014.3022628,25.8,48.2
30/08/2019 23:15:13,1567221313.923217,25.8,48.9
30/08/2019 23:20:13,1567221613.8131387,25.8,48.5
30/08/2019 23:25:14,1567221914.426448,25.7,48.7
30/08/2019 23:30:13,1567222213.995478,25.7,49.0
30/08/2019 23:35:14,1567222514.6070209,25.7,49.1
30/08/2019 23:40:14,1567222814.1643612,25.7,49.1
30/08/2019 23:45:14,1567223114.7179642,25.6,48.9
30/08/2019 23:50:14,1567223414.246338,25.6,49.0
30/08/2019 23:55:13,1567223713.6017,25.6,49.0
31/08/2019 00:00:14,1567224014.6380188,25.6,48.9
31/08/2019 00:05:14,1567224314.247033,25.5,49.4
31/08/2019 00:10:14,1567224614.3632185,25.5,50.3
31/08/2019 00:15:14,1567224914.0489838,25.5,49.6
31/08/2019 00:20:13,1567225213.9226012,25.5,49.7
31/08/2019 00:25:14,1567225514.0266917,25.4,50.0
31/08/2019 00:30:14,1567225814.6096818,25.4,50.2
31/08/2019 00:35:14,1567226114.2348037,25.4,49.8
31/08/2019 00:40:13,1567226413.8529387,25.4,50.0
31/08/2019 00:45:14,1567226714.490883,25.3,49.9
31/08/2019 00:50:14,1567227014.5891776,25.3,50.0
31/08/2019 00:55:14,1567227314.187113,25.3,50.3
31/08/2019 01:00:13,1567227613.8161292,25.3,50.0
31/08/2019 01:05:14,1567227914.4876292,25.2,50.1
31/08/2019 01:10:14,1567228214.740405,25.2,49.8
31/08/2019 01:15:13,1567228513.6923106,25.2,50.1
31/08/2019 01:20:14,1567228814.1014287,25.2,50.4
31/08/2019 01:25:13,1567229113.767954,25.1,50.6
31/08/2019 01:30:14,1567229414.3474777,25.1,50.8
31/08/2019 01:35:14,1567229714.002608,25.1,50.8
31/08/2019 01:40:14,1567230014.1229932,25.1,50.8
31/08/2019 01:45:14,1567230314.715445,25.0,50.8
31/08/2019 01:50:14,1567230614.375674,25.0,51.0
31/08/2019 01:55:13,1567230913.9959168,24.9,50.9
31/08/2019 02:00:14,1567231214.7141585,24.9,51.1
31/08/2019 02:05:14,1567231514.3578186,24.9,51.5
31/08/2019 02:10:13,1567231813.9311726,24.9,51.5
31/08/2019 02:15:14,1567232114.4507027,24.8,51.4
31/08/2019 02:20:14,1567232414.366446,24.8,51.1
31/08/2019 02:25:14,1567232714.4931564,24.7,52.0
31/08/2019 02:30:14,1567233014.086192,24.7,51.9
31/08/2019 02:35:14,1567233314.6095273,24.7,52.1
31/08/2019 02:40:13,1567233613.7746549,24.6,52.1
31/08/2019 02:45:14,1567233914.4368398,24.6,52.2
31/08/2019 02:50:14,1567234214.0617425,24.5,52.4
31/08/2019 02:55:14,1567234514.238403,24.5,52.5
31/08/2019 03:00:13,1567234813.6892424,24.5,52.5
31/08/2019 03:05:14,1567235114.1645734,24.5,52.6
31/08/2019 03:10:13,1567235413.7271204,24.4,52.5
31/08/2019 03:15:14,1567235714.3687084,24.4,52.9
31/08/2019 03:20:14,1567236014.2487206,24.4,52.7
31/08/2019 03:25:13,1567236313.9520564,24.3,53.2
31/08/2019 03:30:13,1567236614.0000842,24.3,53.0
31/08/2019 03:35:14,1567236914.5337527,24.3,52.4
31/08/2019 03:40:14,1567237214.1327798,24.3,52.9
31/08/2019 03:45:13,1567237513.6934404,24.2,53.0
31/08/2019 03:50:13,1567237813.782136,24.2,53.2
31/08/2019 03:55:13,1567238113.9220552,24.2,53.1
31/08/2019 04:00:14,1567238414.4666615,24.2,53.4
31/08/2019 04:05:13,1567238713.94082,24.1,53.3
31/08/2019 04:10:14,1567239014.6259248,24.1,52.9
31/08/2019 04:15:14,1567239314.1864116,24.0,53.4
31/08/2019 04:20:14,1567239614.0926886,24.0,53.5
31/08/2019 04:25:14,1567239914.2063782,24.0,53.8
31/08/2019 04:30:13,1567240213.791431,23.9,53.6
31/08/2019 04:35:14,1567240514.4326758,23.9,53.1
31/08/2019 04:40:14,1567240814.5961356,23.8,53.6
31/08/2019 04:45:14,1567241114.1777837,23.8,53.4
31/08/2019 04:50:13,1567241413.8851163,23.8,53.7
31/08/2019 04:55:14,1567241714.3970323,23.8,53.7
31/08/2019 05:00:14,1567242014.541357,23.8,54.0
31/08/2019 05:05:14,1567242314.5967813,23.7,54.0
31/08/2019 05:10:13,1567242613.6699314,23.7,53.9
31/08/2019 05:15:13,1567242913.741207,23.7,54.0
31/08/2019 05:20:14,1567243214.124835,23.6,54.1
31/08/2019 05:25:13,1567243513.7701705,23.6,54.1
31/08/2019 05:30:13,1567243813.8602269,23.6,53.6
31/08/2019 05:35:13,1567244113.9142544,23.6,53.9
31/08/2019 05:40:13,1567244413.994104,23.5,53.7
31/08/2019 05:45:14,1567244714.3181288,23.5,54.1
31/08/2019 05:50:13,1567245013.745057,23.4,54.0
31/08/2019 05:55:13,1567245313.754964,23.4,54.1
31/08/2019 06:00:14,1567245614.2942984,23.4,53.9
31/08/2019 06:05:13,1567245913.730586,23.3,53.9
31/08/2019 06:10:13,1567246213.7816298,23.3,53.4
31/08/2019 06:15:14,1567246514.122483,23.2,53.6
31/08/2019 06:20:13,1567246813.928876,23.2,53.9
31/08/2019 06:25:15,1567247115.7976723,23.2,53.8
31/08/2019 06:30:14,1567247414.3373618,23.2,53.7
31/08/2019 06:35:13,1567247713.9558587,23.1,54.2
31/08/2019 06:40:14,1567248014.5728543,23.1,54.0
31/08/2019 06:45:14,1567248314.1509845,23.1,54.0
31/08/2019 06:50:13,1567248613.8260646,23.1,54.4
31/08/2019 06:55:14,1567248914.324473,23.0,54.0
31/08/2019 07:00:14,1567249214.3420014,23.0,54.4
31/08/2019 07:05:13,1567249513.8595493,23.0,54.5
31/08/2019 07:10:14,1567249814.3462722,23.0,53.6
31/08/2019 07:15:13,1567250113.748989,22.9,52.8
31/08/2019 07:20:14,1567250414.6428356,22.8,53.6
31/08/2019 07:25:14,1567250714.2509851,22.8,53.5
31/08/2019 07:30:14,1567251014.0289118,22.7,53.1
31/08/2019 07:35:14,1567251314.5292258,22.7,53.4
31/08/2019 07:40:14,1567251614.209016,22.6,52.8
31/08/2019 07:45:14,1567251914.2765791,22.6,52.5
31/08/2019 07:50:13,1567252213.730436,22.6,52.4
31/08/2019 07:55:14,1567252514.3939948,22.5,52.7
31/08/2019 08:00:13,1567252813.808566,22.4,52.9
31/08/2019 08:05:14,1567253114.3418188,22.4,53.1
31/08/2019 08:10:14,1567253414.2736115,22.4,54.0
31/08/2019 08:15:14,1567253714.3303711,22.4,53.8
31/08/2019 08:20:14,1567254014.665242,22.4,53.7
31/08/2019 08:25:14,1567254314.0690248,22.4,55.9
31/08/2019 08:30:14,1567254614.7200847,22.5,56.6
31/08/2019 08:35:14,1567254914.4293618,22.5,55.9
31/08/2019 08:40:14,1567255214.006492,22.5,55.9
31/08/2019 08:45:14,1567255514.5716498,22.5,55.6
31/08/2019 08:50:14,1567255814.2123144,22.5,55.9
31/08/2019 08:55:13,1567256113.814379,22.5,55.9
31/08/2019 09:00:14,1567256414.5310228,22.5,55.9
31/08/2019 09:05:14,1567256714.1596894,22.5,55.6
31/08/2019 09:10:13,1567257013.794592,22.5,55.7
31/08/2019 09:15:14,1567257314.4197874,22.4,55.9
31/08/2019 09:20:13,1567257613.82676,22.4,55.3
31/08/2019 09:25:13,1567257913.9501357,22.4,55.9
31/08/2019 09:30:14,1567258214.5136058,22.4,55.9
31/08/2019 09:35:14,1567258514.1535454,22.4,56.1
31/08/2019 09:40:13,1567258813.7677522,22.4,55.9
31/08/2019 09:45:13,1567259113.968686,22.5,56.3
31/08/2019 09:50:14,1567259414.4836671,22.5,56.1
31/08/2019 09:55:14,1567259714.6732976,22.5,56.1
31/08/2019 10:00:14,1567260014.2483342,22.5,56.2
31/08/2019 10:05:13,1567260313.785471,22.5,56.2
31/08/2019 10:10:14,1567260614.4526324,22.5,55.8
31/08/2019 10:15:14,1567260914.088986,22.5,56.2
31/08/2019 10:20:13,1567261213.978837,22.6,56.5
31/08/2019 10:25:14,1567261514.1642177,22.6,55.9
31/08/2019 10:30:14,1567261814.7009277,22.6,56.3
31/08/2019 10:35:13,1567262113.7467453,22.6,56.5
31/08/2019 10:40:14,1567262414.2750149,22.6,56.5
31/08/2019 10:45:13,1567262713.8589709,22.6,56.4
31/08/2019 10:50:14,1567263014.5797813,22.7,56.3
31/08/2019 10:55:14,1567263314.2798748,22.7,56.2
31/08/2019 11:00:14,1567263614.3939924,22.7,56.2
31/08/2019 11:05:13,1567263913.9667654,22.7,56.0
31/08/2019 11:10:14,1567264214.544027,22.7,56.0
31/08/2019 11:15:14,1567264514.1631749,22.7,56.0
31/08/2019 11:20:14,1567264814.091845,22.7,56.0
31/08/2019 11:25:14,1567265114.3042693,22.7,56.1
31/08/2019 11:30:13,1567265413.7880268,22.7,56.0
31/08/2019 11:35:14,1567265714.394686,22.7,56.1
31/08/2019 11:40:14,1567266014.0352597,22.7,55.7
31/08/2019 11:45:14,1567266314.7195556,22.8,55.8
31/08/2019 11:50:14,1567266614.4919865,22.8,55.2
31/08/2019 11:55:14,1567266914.2029085,22.7,55.3
31/08/2019 12:00:14,1567267214.3444257,22.8,55.8
31/08/2019 12:05:13,1567267513.9248152,22.8,55.6
31/08/2019 12:10:14,1567267814.6116834,22.8,55.6
31/08/2019 12:15:14,1567268114.2473152,22.8,55.6
31/08/2019 12:20:14,1567268414.7912087,22.8,55.6
31/08/2019 12:25:14,1567268714.5800176,22.8,55.5
31/08/2019 12:30:14,1567269014.24027,22.8,55.6
31/08/2019 12:35:13,1567269313.840732,22.8,56.0
31/08/2019 12:40:14,1567269614.443893,22.8,55.7
31/08/2019 12:45:13,1567269913.9217615,22.9,55.9
31/08/2019 12:50:14,1567270214.4140623,22.9,55.3
31/08/2019 12:55:14,1567270514.030278,22.9,55.5
31/08/2019 13:00:14,1567270814.1277297,22.9,55.6
31/08/2019 13:05:13,1567271113.7071145,22.9,55.4
31/08/2019 13:10:14,1567271414.29003,22.9,55.3
31/08/2019 13:15:14,1567271714.4040184,22.9,55.6
31/08/2019 13:20:14,1567272014.5206432,22.9,55.6
31/08/2019 13:25:14,1567272314.1272612,23.0,55.6
31/08/2019 13:30:13,1567272613.8023744,23.0,55.4
31/08/2019 13:35:14,1567272914.003109,23.0,54.9
31/08/2019 13:40:14,1567273214.338665,23.0,54.7
31/08/2019 13:45:14,1567273514.0074844,23.0,54.9
31/08/2019 13:50:14,1567273814.6192322,23.0,54.7
31/08/2019 13:55:13,1567274113.9766333,23.0,54.9
31/08/2019 14:00:14,1567274414.5831537,23.0,54.0
31/08/2019 14:05:14,1567274714.178692,23.0,54.4
31/08/2019 14:10:13,1567275013.8078616,23.0,54.1
31/08/2019 14:15:14,1567275314.5423717,23.0,53.7
31/08/2019 14:20:14,1567275614.5103908,23.1,53.6
31/08/2019 14:25:14,1567275914.027537,23.1,53.6
31/08/2019 14:30:14,1567276214.1749089,23.1,53.2
31/08/2019 14:35:13,1567276513.8842092,23.1,53.7
31/08/2019 14:40:13,1567276813.916415,23.1,53.8
31/08/2019 14:45:14,1567277114.3944077,23.2,53.2
31/08/2019 14:50:13,1567277413.87011,23.2,53.2
31/08/2019 14:55:14,1567277714.517493,23.2,53.1
31/08/2019 15:00:14,1567278014.0344756,23.2,53.2
31/08/2019 15:05:14,1567278314.5987267,23.2,53.0
31/08/2019 15:10:14,1567278614.3281322,23.2,53.1
31/08/2019 15:15:13,1567278913.9299812,23.2,53.2
31/08/2019 15:20:14,1567279214.7128894,23.2,53.0
31/08/2019 15:25:14,1567279514.1990626,23.2,53.2
31/08/2019 15:30:13,1567279813.5506713,23.2,53.1
31/08/2019 15:35:14,1567280114.5475,23.3,52.9
31/08/2019 15:40:14,1567280414.1789405,23.3,52.7
31/08/2019 15:45:14,1567280714.3275394,23.3,52.8
31/08/2019 15:50:13,1567281013.815266,23.4,52.6
31/08/2019 15:55:14,1567281314.4023378,23.4,52.5
31/08/2019 16:00:14,1567281614.613979,23.4,52.5
31/08/2019 16:05:14,1567281914.204913,23.5,52.6
31/08/2019 16:10:13,1567282213.8173985,23.5,52.9
31/08/2019 16:15:14,1567282514.426457,23.5,52.6
31/08/2019 16:20:14,1567282814.0988176,23.6,52.2
31/08/2019 16:25:14,1567283114.6212552,23.6,52.0
31/08/2019 16:30:13,1567283413.7385821,23.6,52.2
31/08/2019 16:35:14,1567283714.4272661,23.6,51.9
31/08/2019 16:40:14,1567284014.042422,23.6,52.2
31/08/2019 16:45:14,1567284314.5344236,23.6,51.8
31/08/2019 16:50:13,1567284613.9405582,23.7,51.8
31/08/2019 16:55:14,1567284914.5555377,23.7,51.7
31/08/2019 17:00:14,1567285214.136382,23.7,51.1
31/08/2019 17:05:13,1567285513.6923347,23.8,51.2
31/08/2019 17:10:14,1567285814.2538364,23.8,51.0
31/08/2019 17:15:13,1567286113.6440651,23.8,51.1
31/08/2019 17:20:14,1567286414.3672624,23.8,50.9
31/08/2019 17:25:14,1567286714.076173,23.8,51.0
31/08/2019 17:30:14,1567287014.5626814,23.7,51.2
31/08/2019 17:35:14,1567287314.130527,23.8,51.3
31/08/2019 17:40:14,1567287614.3136177,23.8,51.1
31/08/2019 17:45:13,1567287913.8453088,23.8,51.0
31/08/2019 17:50:14,1567288214.4944701,23.8,51.9
31/08/2019 17:55:14,1567288514.0913212,23.9,52.0
31/08/2019 18:00:14,1567288814.6095262,24.0,51.6
31/08/2019 18:05:13,1567289113.7299333,24.2,52.0
31/08/2019 18:10:14,1567289414.3423097,24.4,51.8
31/08/2019 18:15:13,1567289713.9071817,24.6,51.6
31/08/2019 18:20:14,1567290014.290783,24.6,51.5
31/08/2019 18:25:13,1567290313.923108,24.8,51.0
31/08/2019 18:30:14,1567290614.440915,24.9,51.1
31/08/2019 18:35:14,1567290914.4618287,24.9,50.5
31/08/2019 18:40:14,1567291214.9170778,25.2,50.6
31/08/2019 18:50:15,1567291815.2867165,25.2,49.2
31/08/2019 18:55:15,1567292115.2388506,25.3,49.6
31/08/2019 19:00:15,1567292415.326949,25.5,52.2
31/08/2019 19:05:15,1567292715.3120766,25.3,51.3
31/08/2019 19:10:14,1567293014.9112601,25.3,51.0
31/08/2019 19:15:15,1567293315.205572,25.2,51.1
31/08/2019 19:20:15,1567293615.6955009,25.1,51.2
31/08/2019 19:25:14,1567293914.405136,25.0,51.3
31/08/2019 19:30:14,1567294214.997068,25.0,52.2
31/08/2019 19:35:14,1567294514.5442855,25.1,54.0
31/08/2019 19:40:14,1567294814.7834842,25.2,55.2
31/08/2019 19:45:14,1567295114.5455503,25.3,54.3
31/08/2019 19:50:15,1567295415.0362694,25.4,55.1
31/08/2019 19:55:13,1567295713.478768,25.3,54.0
31/08/2019 20:00:13,1567296013.9095602,25.2,53.9
31/08/2019 20:05:13,1567296313.6683743,25.2,54.8
31/08/2019 20:10:13,1567296613.2956724,25.1,54.3
31/08/2019 20:15:13,1567296913.7832897,25.0,53.1
31/08/2019 20:20:13,1567297213.9493616,25.0,53.1
31/08/2019 20:25:13,1567297513.3158844,24.9,53.3
31/08/2019 20:30:14,1567297814.2568958,24.9,53.5
31/08/2019 20:35:14,1567298114.1479955,24.9,54.0
31/08/2019 20:40:13,1567298413.9867096,24.9,53.5
31/08/2019 20:45:13,1567298713.5507138,24.9,53.2
31/08/2019 20:50:13,1567299013.9900029,24.8,52.7
31/08/2019 20:55:13,1567299313.5597332,24.7,52.9
31/08/2019 21:00:13,1567299613.9099925,24.7,52.7
31/08/2019 21:05:13,1567299913.6709,24.7,53.0
31/08/2019 21:10:13,1567300213.5610983,24.6,52.7
31/08/2019 21:15:14,1567300514.0370803,24.6,53.0
31/08/2019 21:20:13,1567300813.7285953,24.6,53.1
31/08/2019 21:25:13,1567301113.634086,24.6,53.0
31/08/2019 21:30:14,1567301414.3015323,24.5,53.0
31/08/2019 21:35:13,1567301713.766484,24.5,53.4
31/08/2019 21:40:13,1567302013.7548008,24.5,52.8
31/08/2019 21:45:14,1567302314.0870268,24.5,52.2
31/08/2019 21:50:13,1567302613.7509956,24.4,52.8
31/08/2019 21:55:13,1567302913.5107589,24.4,52.5
31/08/2019 22:00:13,1567303213.508489,24.4,52.3
31/08/2019 22:05:14,1567303514.3427446,24.4,52.7
31/08/2019 22:10:13,1567303813.421614,24.3,52.0
31/08/2019 22:15:13,1567304113.522822,24.3,52.5
31/08/2019 22:20:13,1567304413.792543,24.3,53.4
31/08/2019 22:25:14,1567304714.2642782,24.3,52.7
31/08/2019 22:30:13,1567305013.375063,24.3,53.4
31/08/2019 22:35:13,1567305313.483133,24.3,53.1
31/08/2019 22:40:13,1567305613.9721212,24.3,53.6
31/08/2019 22:45:14,1567305914.3124394,24.3,53.1
31/08/2019 22:50:13,1567306213.9304016,24.2,53.3
31/08/2019 22:55:13,1567306513.5480878,24.2,54.2
31/08/2019 23:00:13,1567306813.8652604,24.2,53.1
31/08/2019 23:05:14,1567307114.1616702,24.2,54.5
